customer_id,age,gender,city,customer_segment,signup_date
C0001,58,Male,Delhi,Budget,2024-05-20
C0002,33,Male,Mumbai,Budget,2024-02-22
C0003,61,Male,Hyderabad,Regular,2024-01-17
C0004,19,Male,Mumbai,Premium,2024-09-15
C0005,56,Male,Hyderabad,Premium,2024-11-28
C0006,62,Female,Mumbai,Regular,2024-10-28
C0007,35,Male,Mumbai,Budget,2024-08-04
C0008,39,Female,Mumbai,Premium,2024-06-21
C0009,24,Male,Pune,Premium,2024-07-02
C0010,40,Female,Delhi,Budget,2024-08-23
C0011,52,Male,Pune,Premium,2024-10-09
C0012,36,Female,Hyderabad,Premium,2024-12-26
C0013,22,Male,Chennai,Premium,2024-05-28
C0014,23,Male,Delhi,Regular,2024-05-22
C0015,47,Female,Mumbai,Regular,2024-06-30
C0016,31,Female,Chennai,Budget,2024-11-27
C0017,22,Male,Hyderabad,Budget,2024-05-05
C0018,28,Female,Pune,Regular,2024-11-23
C0019,62,Male,Chennai,Regular,2024-01-29
C0020,32,Male,Bangalore,Regular,2024-05-17
C0021,22,Male,Hyderabad,Budget,2024-06-10
C0022,31,Female,Pune,Budget,2024-08-22
C0023,27,Female,Mumbai,Premium,2024-10-14
C0024,52,Female,Chennai,Budget,2024-08-07
C0025,55,Female,Bangalore,Premium,2024-03-11
C0026,50,Female,Delhi,Premium,2024-02-26
C0027,27,Male,Chennai,Regular,2024-11-01
C0028,22,Female,Pune,Budget,2024-08-27
C0029,51,Female,Hyderabad,Premium,2024-12-14
C0030,64,Male,Chennai,Budget,2024-05-16
C0031,59,Female,Delhi,Regular,2024-08-10
C0032,28,Female,Delhi,Budget,2024-05-14
C0033,50,Male,Hyderabad,Premium,2024-11-16
C0034,37,Male,Mumbai,Regular,2024-03-23
C0035,52,Male,Hyderabad,Regular,2024-09-07
C0036,19,Male,Bangalore,Regular,2024-05-02
C0037,21,Male,Hyderabad,Premium,2024-02-13
C0038,64,Female,Delhi,Budget,2024-03-05
C0039,26,Female,Hyderabad,Premium,2024-05-15
C0040,51,Female,Mumbai,Budget,2024-12-19
C0041,30,Female,Pune,Budget,2024-11-28
C0042,41,Female,Hyderabad,Regular,2024-03-02
C0043,33,Male,Delhi,Regular,2024-01-11
C0044,55,Male,Hyderabad,Premium,2024-01-04
C0045,22,Male,Mumbai,Premium,2024-01-17
C0046,39,Male,Hyderabad,Premium,2024-05-22
C0047,60,Female,Mumbai,Budget,2024-03-08
C0048,64,Female,Mumbai,Regular,2024-07-27
C0049,30,Male,Delhi,Budget,2024-08-08
C0050,40,Female,Pune,Regular,2024-01-28
C0051,61,Male,Delhi,Regular,2024-06-22
C0052,24,Male,Mumbai,Premium,2024-10-01
C0053,46,Male,Pune,Premium,2024-05-22
C0054,47,Male,Delhi,Regular,2024-10-08
C0055,24,Male,Chennai,Budget,2024-01-08
C0056,23,Male,Mumbai,Regular,2024-09-05
C0057,48,Male,Pune,Premium,2024-03-25
C0058,42,Male,Pune,Regular,2024-08-20
C0059,36,Female,Chennai,Budget,2024-10-11
C0060,60,Female,Mumbai,Premium,2024-05-31
C0061,31,Male,Hyderabad,Budget,2024-10-04
C0062,21,Female,Delhi,Premium,2024-10-26
C0063,48,Male,Delhi,Budget,2024-02-11
C0064,29,Male,Hyderabad,Premium,2024-12-11
C0065,33,Female,Delhi,Budget,2024-05-06
C0066,55,Male,Hyderabad,Premium,2024-08-02
C0067,60,Female,Bangalore,Premium,2024-12-08
C0068,63,Female,Mumbai,Regular,2024-07-21
C0069,26,Female,Pune,Regular,2024-02-07
C0070,18,Female,Hyderabad,Budget,2024-02-21
C0071,22,Male,Hyderabad,Regular,2024-03-08
C0072,40,Male,Mumbai,Regular,2024-05-25
C0073,28,Female,Hyderabad,Budget,2024-06-03
C0074,57,Male,Chennai,Budget,2024-06-02
C0075,60,Male,Mumbai,Regular,2024-02-29
C0076,24,Male,Bangalore,Regular,2024-11-05
C0077,31,Female,Mumbai,Budget,2024-11-20
C0078,34,Female,Bangalore,Premium,2024-02-17
C0079,58,Female,Bangalore,Premium,2024-01-02
C0080,39,Male,Chennai,Regular,2024-03-23
C0081,65,Female,Hyderabad,Budget,2024-08-06
C0082,53,Male,Delhi,Premium,2024-12-19
C0083,27,Male,Bangalore,Budget,2024-10-09
C0084,27,Female,Mumbai,Premium,2024-06-06
C0085,41,Male,Bangalore,Premium,2024-12-15
C0086,33,Male,Bangalore,Budget,2024-07-27
C0087,57,Male,Mumbai,Premium,2024-03-31
C0088,44,Male,Mumbai,Budget,2024-06-19
C0089,44,Male,Bangalore,Premium,2024-12-25
C0090,24,Female,Delhi,Regular,2024-04-23
C0091,30,Female,Bangalore,Regular,2024-04-26
C0092,32,Male,Chennai,Premium,2024-07-23
C0093,39,Female,Delhi,Regular,2024-06-28
C0094,59,Female,Chennai,Budget,2024-06-18
C0095,19,Male,Bangalore,Premium,2024-10-24
C0096,34,Male,Delhi,Budget,2024-08-10
C0097,40,Female,Pune,Budget,2024-09-18
C0098,25,Female,Hyderabad,Premium,2024-05-10
C0099,20,Female,Delhi,Budget,2024-10-02
C0100,61,Male,Bangalore,Regular,2024-02-05
C0101,60,Female,Hyderabad,Regular,2024-12-05
C0102,25,Female,Hyderabad,Regular,2024-12-07
C0103,44,Female,Pune,Budget,2024-05-31
C0104,53,Male,Mumbai,Regular,2024-12-06
C0105,42,Male,Hyderabad,Budget,2024-06-03
C0106,43,Male,Bangalore,Regular,2024-04-17
C0107,45,Female,Pune,Regular,2024-08-14
C0108,61,Male,Hyderabad,Regular,2024-03-27
C0109,60,Male,Bangalore,Budget,2024-12-05
C0110,58,Female,Delhi,Premium,2024-12-10
C0111,37,Male,Mumbai,Premium,2024-01-13
C0112,20,Male,Pune,Budget,2024-02-07
C0113,47,Female,Chennai,Budget,2024-04-09
C0114,63,Female,Pune,Regular,2024-05-04
C0115,27,Male,Delhi,Regular,2024-04-22
C0116,29,Female,Delhi,Budget,2024-05-07
C0117,25,Female,Mumbai,Regular,2024-12-07
C0118,51,Female,Pune,Budget,2024-09-15
C0119,45,Female,Mumbai,Budget,2024-08-31
C0120,46,Female,Mumbai,Budget,2024-05-21
C0121,51,Female,Chennai,Premium,2024-05-20
C0122,46,Male,Chennai,Regular,2024-04-30
C0123,35,Female,Bangalore,Budget,2024-02-11
C0124,26,Male,Mumbai,Regular,2024-12-21
C0125,27,Male,Delhi,Regular,2024-07-27
C0126,39,Female,Pune,Premium,2024-04-15
C0127,44,Female,Hyderabad,Budget,2024-01-11
C0128,54,Female,Pune,Premium,2024-06-29
C0129,37,Female,Pune,Budget,2024-10-06
C0130,56,Male,Pune,Premium,2024-05-19
C0131,45,Female,Delhi,Regular,2024-06-21
C0132,60,Female,Chennai,Premium,2024-08-27
C0133,26,Male,Pune,Budget,2024-10-15
C0134,60,Male,Delhi,Budget,2024-08-07
C0135,26,Female,Mumbai,Premium,2024-05-13
C0136,42,Female,Mumbai,Regular,2024-06-16
C0137,39,Female,Bangalore,Regular,2024-05-09
C0138,23,Female,Delhi,Budget,2024-10-03
C0139,21,Female,Mumbai,Budget,2024-02-05
C0140,59,Male,Delhi,Premium,2024-04-12
C0141,19,Male,Mumbai,Premium,2024-08-30
C0142,60,Male,Hyderabad,Premium,2024-08-26
C0143,62,Female,Bangalore,Premium,2024-11-06
C0144,56,Male,Mumbai,Regular,2024-02-25
C0145,55,Male,Bangalore,Budget,2024-12-12
C0146,42,Female,Chennai,Premium,2024-02-08
C0147,55,Male,Delhi,Budget,2024-06-03
C0148,61,Male,Hyderabad,Premium,2024-06-26
C0149,52,Female,Chennai,Regular,2024-02-05
C0150,50,Female,Delhi,Regular,2024-09-07
C0151,24,Female,Bangalore,Budget,2024-08-23
C0152,63,Male,Pune,Premium,2024-09-24
C0153,59,Female,Hyderabad,Budget,2024-09-04
C0154,47,Female,Chennai,Budget,2024-05-17
C0155,38,Male,Delhi,Regular,2024-08-18
C0156,33,Female,Hyderabad,Budget,2024-12-08
C0157,42,Female,Delhi,Regular,2024-06-15
C0158,29,Female,Mumbai,Regular,2024-05-12
C0159,39,Female,Hyderabad,Budget,2024-05-21
C0160,53,Male,Hyderabad,Premium,2024-02-13
C0161,33,Female,Pune,Budget,2024-05-03
C0162,62,Female,Chennai,Budget,2024-09-08
C0163,46,Male,Delhi,Regular,2024-04-23
C0164,43,Male,Bangalore,Budget,2024-10-24
C0165,41,Female,Hyderabad,Budget,2024-06-25
C0166,45,Female,Bangalore,Budget,2024-08-20
C0167,35,Female,Bangalore,Premium,2024-03-02
C0168,64,Male,Bangalore,Premium,2024-10-01
C0169,62,Male,Mumbai,Premium,2024-09-04
C0170,35,Female,Delhi,Premium,2024-05-31
C0171,32,Female,Mumbai,Regular,2024-01-08
C0172,63,Male,Bangalore,Premium,2024-01-28
C0173,53,Female,Chennai,Premium,2024-11-22
C0174,49,Male,Delhi,Budget,2024-05-25
C0175,48,Female,Pune,Regular,2024-04-04
C0176,21,Female,Pune,Premium,2024-02-03
C0177,43,Female,Delhi,Budget,2024-11-18
C0178,61,Male,Mumbai,Premium,2024-10-15
C0179,37,Male,Mumbai,Premium,2024-10-12
C0180,44,Male,Hyderabad,Regular,2024-08-18
C0181,46,Female,Hyderabad,Regular,2024-06-05
C0182,54,Male,Hyderabad,Budget,2024-02-20
C0183,31,Male,Bangalore,Budget,2024-02-11
C0184,28,Male,Mumbai,Budget,2024-02-08
C0185,28,Male,Pune,Regular,2024-12-18
C0186,56,Female,Bangalore,Premium,2024-04-28
C0187,36,Female,Chennai,Regular,2024-02-06
C0188,61,Male,Bangalore,Budget,2024-10-28
C0189,60,Male,Pune,Premium,2024-10-05
C0190,32,Male,Bangalore,Premium,2024-02-06
C0191,21,Male,Bangalore,Budget,2024-10-18
C0192,36,Female,Delhi,Regular,2024-12-18
C0193,37,Female,Bangalore,Budget,2024-10-03
C0194,49,Female,Delhi,Budget,2024-01-21
C0195,45,Female,Hyderabad,Regular,2024-01-14
C0196,23,Male,Chennai,Budget,2024-10-27
C0197,19,Female,Hyderabad,Premium,2024-03-30
C0198,48,Female,Bangalore,Premium,2024-10-26
C0199,45,Female,Delhi,Regular,2024-06-27
C0200,44,Female,Bangalore,Budget,2024-02-23
C0201,28,Female,Pune,Budget,2024-09-10
C0202,36,Female,Hyderabad,Premium,2024-08-20
C0203,23,Female,Bangalore,Regular,2024-02-29
C0204,43,Male,Chennai,Budget,2024-08-24
C0205,44,Male,Mumbai,Budget,2024-07-04
C0206,57,Female,Chennai,Regular,2024-01-27
C0207,31,Female,Hyderabad,Premium,2024-05-27
C0208,46,Female,Delhi,Premium,2024-11-18
C0209,56,Male,Chennai,Premium,2024-06-08
C0210,53,Male,Hyderabad,Regular,2024-02-17
C0211,32,Male,Pune,Premium,2024-11-27
C0212,27,Female,Chennai,Regular,2024-09-17
C0213,63,Female,Pune,Regular,2024-08-29
C0214,33,Female,Hyderabad,Premium,2024-07-15
C0215,30,Male,Delhi,Regular,2024-07-31
C0216,39,Female,Delhi,Regular,2024-06-01
C0217,55,Female,Mumbai,Regular,2024-10-02
C0218,48,Female,Bangalore,Budget,2024-10-05
C0219,42,Female,Bangalore,Premium,2024-12-23
C0220,33,Female,Mumbai,Regular,2024-01-23
C0221,38,Female,Chennai,Regular,2024-07-16
C0222,60,Male,Pune,Premium,2024-03-05
C0223,50,Female,Delhi,Regular,2024-02-21
C0224,51,Female,Delhi,Budget,2024-03-14
C0225,44,Male,Delhi,Regular,2024-05-15
C0226,39,Female,Chennai,Premium,2024-06-17
C0227,61,Female,Bangalore,Budget,2024-09-06
C0228,52,Male,Hyderabad,Premium,2024-04-30
C0229,58,Female,Mumbai,Budget,2024-02-16
C0230,45,Male,Chennai,Budget,2024-02-21
C0231,46,Male,Chennai,Regular,2024-01-15
C0232,20,Female,Delhi,Regular,2024-07-02
C0233,41,Female,Mumbai,Premium,2024-09-28
C0234,44,Male,Mumbai,Premium,2024-02-10
C0235,57,Female,Hyderabad,Budget,2024-05-03
C0236,49,Male,Mumbai,Regular,2024-11-22
C0237,34,Female,Bangalore,Budget,2024-01-05
C0238,47,Female,Chennai,Budget,2024-03-21
C0239,22,Female,Bangalore,Budget,2024-06-02
C0240,58,Female,Chennai,Regular,2024-08-21
C0241,37,Male,Pune,Regular,2024-02-24
C0242,33,Female,Hyderabad,Regular,2024-10-21
C0243,36,Female,Delhi,Budget,2024-07-21
C0244,35,Male,Hyderabad,Budget,2024-01-26
C0245,56,Female,Bangalore,Premium,2024-11-06
C0246,40,Male,Chennai,Premium,2024-11-13
C0247,34,Male,Chennai,Premium,2024-11-17
C0248,59,Male,Bangalore,Regular,2024-01-18
C0249,55,Female,Chennai,Premium,2024-02-16
C0250,36,Female,Chennai,Regular,2024-03-30
C0251,30,Male,Hyderabad,Regular,2024-09-28
C0252,50,Female,Mumbai,Regular,2024-09-03
C0253,36,Female,Delhi,Regular,2024-02-08
C0254,27,Male,Chennai,Budget,2024-12-11
C0255,43,Female,Delhi,Regular,2024-01-08
C0256,34,Male,Pune,Regular,2024-12-10
C0257,65,Female,Hyderabad,Regular,2024-11-22
C0258,41,Male,Chennai,Premium,2024-08-29
C0259,19,Female,Hyderabad,Premium,2024-11-27
C0260,22,Female,Chennai,Regular,2024-11-28
C0261,44,Male,Mumbai,Premium,2024-01-20
C0262,37,Female,Delhi,Premium,2024-04-30
C0263,52,Male,Pune,Regular,2024-07-08
C0264,60,Female,Hyderabad,Budget,2024-03-20
C0265,44,Male,Pune,Budget,2024-07-27
C0266,35,Male,Chennai,Regular,2024-04-21
C0267,46,Female,Mumbai,Regular,2024-02-20
C0268,61,Female,Hyderabad,Budget,2024-07-02
C0269,21,Female,Bangalore,Premium,2024-03-03
C0270,47,Male,Chennai,Premium,2024-11-24
C0271,58,Male,Delhi,Regular,2024-05-04
C0272,26,Male,Delhi,Budget,2024-04-16
C0273,55,Male,Mumbai,Regular,2024-03-16
C0274,56,Male,Bangalore,Premium,2024-03-07
C0275,52,Female,Mumbai,Premium,2024-12-04
C0276,19,Male,Delhi,Regular,2024-05-01
C0277,55,Female,Delhi,Premium,2024-05-15
C0278,21,Male,Chennai,Regular,2024-09-26
C0279,25,Male,Pune,Regular,2024-07-04
C0280,50,Male,Pune,Budget,2024-04-23
C0281,57,Male,Chennai,Budget,2024-09-23
C0282,37,Female,Chennai,Premium,2024-02-01
C0283,48,Female,Pune,Budget,2024-02-25
C0284,49,Female,Delhi,Premium,2024-06-13
C0285,56,Male,Delhi,Premium,2024-05-20
C0286,57,Female,Pune,Budget,2024-09-28
C0287,36,Female,Hyderabad,Budget,2024-08-08
C0288,24,Male,Chennai,Budget,2024-10-09
C0289,64,Male,Pune,Regular,2024-04-26
C0290,44,Female,Pune,Regular,2024-07-31
C0291,64,Male,Bangalore,Regular,2024-06-09
C0292,60,Female,Bangalore,Premium,2024-12-17
C0293,48,Male,Delhi,Premium,2024-02-17
C0294,45,Male,Chennai,Budget,2024-07-09
C0295,26,Male,Hyderabad,Budget,2024-10-14
C0296,39,Male,Pune,Regular,2024-12-06
C0297,45,Male,Bangalore,Budget,2024-06-08
C0298,40,Male,Hyderabad,Budget,2024-04-18
C0299,27,Female,Mumbai,Premium,2024-06-28
C0300,53,Female,Delhi,Regular,2024-10-20
C0301,32,Female,Hyderabad,Budget,2024-11-10
C0302,61,Male,Hyderabad,Budget,2024-12-21
C0303,35,Male,Mumbai,Regular,2024-12-25
C0304,37,Female,Bangalore,Premium,2024-04-02
C0305,27,Female,Delhi,Premium,2024-11-20
C0306,19,Male,Chennai,Budget,2024-04-20
C0307,42,Female,Pune,Regular,2024-03-21
C0308,41,Female,Chennai,Regular,2024-10-17
C0309,56,Male,Delhi,Premium,2024-03-21
C0310,57,Male,Chennai,Premium,2024-05-19
C0311,46,Female,Pune,Budget,2024-08-14
C0312,44,Female,Mumbai,Budget,2024-02-28
C0313,40,Female,Delhi,Regular,2024-12-13
C0314,61,Female,Hyderabad,Budget,2024-06-06
C0315,20,Male,Pune,Budget,2024-01-29
C0316,18,Male,Bangalore,Premium,2024-03-11
C0317,34,Female,Bangalore,Premium,2024-01-04
C0318,49,Female,Mumbai,Premium,2024-07-13
C0319,52,Male,Hyderabad,Budget,2024-12-08
C0320,40,Male,Pune,Budget,2024-01-22
C0321,45,Male,Pune,Premium,2024-06-09
C0322,54,Female,Hyderabad,Regular,2024-12-29
C0323,58,Female,Bangalore,Premium,2024-07-26
C0324,19,Female,Mumbai,Budget,2024-08-23
C0325,62,Female,Delhi,Regular,2024-02-24
C0326,33,Female,Hyderabad,Regular,2024-09-25
C0327,23,Female,Bangalore,Budget,2024-06-22
C0328,32,Female,Mumbai,Premium,2024-09-18
C0329,58,Male,Hyderabad,Budget,2024-04-09
C0330,40,Female,Chennai,Budget,2024-03-16
C0331,33,Male,Mumbai,Regular,2024-04-11
C0332,29,Male,Chennai,Premium,2024-03-31
C0333,58,Female,Pune,Budget,2024-10-23
C0334,46,Female,Chennai,Regular,2024-03-18
C0335,46,Male,Pune,Regular,2024-11-19
C0336,37,Female,Hyderabad,Premium,2024-06-29
C0337,50,Male,Bangalore,Regular,2024-08-19
C0338,20,Male,Bangalore,Regular,2024-02-09
C0339,59,Male,Hyderabad,Budget,2024-09-16
C0340,42,Female,Hyderabad,Budget,2024-01-22
C0341,46,Male,Bangalore,Budget,2024-08-31
C0342,50,Male,Delhi,Regular,2024-02-22
C0343,39,Male,Hyderabad,Budget,2024-03-29
C0344,20,Male,Chennai,Regular,2024-08-12
C0345,51,Male,Bangalore,Regular,2024-05-24
C0346,42,Female,Bangalore,Budget,2024-11-02
C0347,21,Female,Delhi,Regular,2024-02-18
C0348,53,Female,Bangalore,Regular,2024-12-02
C0349,56,Male,Bangalore,Premium,2024-10-25
C0350,60,Male,Bangalore,Regular,2024-12-01
C0351,62,Female,Mumbai,Budget,2024-12-28
C0352,23,Female,Hyderabad,Regular,2024-11-25
C0353,39,Male,Chennai,Budget,2024-12-16
C0354,51,Male,Chennai,Budget,2024-08-04
C0355,50,Female,Delhi,Regular,2024-06-07
C0356,29,Male,Bangalore,Regular,2024-04-08
C0357,32,Male,Mumbai,Premium,2024-05-31
C0358,24,Male,Chennai,Regular,2024-11-12
C0359,26,Female,Mumbai,Premium,2024-04-02
C0360,62,Male,Chennai,Regular,2024-01-23
C0361,44,Female,Chennai,Budget,2024-05-01
C0362,46,Female,Chennai,Regular,2024-04-29
C0363,52,Male,Bangalore,Regular,2024-04-09
C0364,41,Female,Pune,Regular,2024-07-14
C0365,50,Female,Mumbai,Premium,2024-11-05
C0366,26,Female,Delhi,Budget,2024-09-03
C0367,41,Male,Chennai,Budget,2024-03-04
C0368,36,Male,Mumbai,Regular,2024-08-18
C0369,50,Male,Pune,Premium,2024-04-23
C0370,46,Female,Delhi,Regular,2024-01-28
C0371,43,Female,Mumbai,Regular,2024-02-11
C0372,41,Male,Delhi,Regular,2024-02-20
C0373,63,Female,Mumbai,Premium,2024-01-20
C0374,36,Female,Chennai,Premium,2024-12-27
C0375,48,Female,Hyderabad,Premium,2024-02-10
C0376,19,Female,Mumbai,Premium,2024-10-07
C0377,64,Female,Delhi,Regular,2024-05-01
C0378,37,Male,Delhi,Premium,2024-08-02
C0379,58,Female,Delhi,Premium,2024-09-12
C0380,56,Male,Chennai,Budget,2024-10-21
C0381,33,Male,Bangalore,Regular,2024-01-01
C0382,57,Female,Mumbai,Budget,2024-08-01
C0383,29,Male,Hyderabad,Regular,2024-02-04
C0384,51,Male,Pune,Regular,2024-01-23
C0385,58,Female,Bangalore,Regular,2024-01-09
C0386,40,Male,Bangalore,Premium,2024-12-02
C0387,58,Male,Hyderabad,Budget,2024-06-19
C0388,26,Male,Bangalore,Budget,2024-06-22
C0389,59,Male,Chennai,Regular,2024-12-22
C0390,48,Male,Mumbai,Premium,2024-08-22
C0391,20,Female,Mumbai,Premium,2024-04-12
C0392,20,Female,Bangalore,Budget,2024-07-22
C0393,52,Female,Bangalore,Premium,2024-11-27
C0394,30,Female,Bangalore,Premium,2024-12-01
C0395,39,Female,Delhi,Regular,2024-08-11
C0396,43,Female,Pune,Regular,2024-04-05
C0397,49,Female,Bangalore,Budget,2024-05-16
C0398,23,Female,Delhi,Regular,2024-11-04
C0399,29,Female,Bangalore,Premium,2024-02-10
C0400,38,Female,Bangalore,Regular,2024-11-04
C0401,63,Female,Mumbai,Budget,2024-08-15
C0402,40,Female,Delhi,Budget,2024-06-29
C0403,57,Female,Bangalore,Budget,2024-01-30
C0404,22,Female,Bangalore,Budget,2024-12-13
C0405,28,Male,Mumbai,Budget,2024-12-13
C0406,46,Male,Mumbai,Premium,2024-04-30
C0407,59,Female,Bangalore,Regular,2024-10-17
C0408,20,Male,Chennai,Regular,2024-07-08
C0409,41,Female,Delhi,Budget,2024-03-11
C0410,51,Female,Pune,Regular,2024-11-28
C0411,35,Male,Delhi,Premium,2024-04-05
C0412,49,Female,Hyderabad,Premium,2024-05-14
C0413,34,Female,Mumbai,Budget,2024-05-26
C0414,62,Female,Mumbai,Premium,2024-03-10
C0415,22,Female,Mumbai,Budget,2024-08-15
C0416,23,Female,Chennai,Regular,2024-12-29
C0417,22,Female,Bangalore,Premium,2024-12-30
C0418,63,Male,Bangalore,Budget,2024-04-24
C0419,25,Male,Mumbai,Premium,2024-09-09
C0420,19,Female,Hyderabad,Budget,2024-07-07
C0421,47,Male,Hyderabad,Premium,2024-02-03
C0422,37,Female,Chennai,Budget,2024-09-02
C0423,51,Female,Pune,Budget,2024-02-07
C0424,26,Female,Chennai,Premium,2024-08-18
C0425,47,Female,Mumbai,Budget,2024-11-23
C0426,55,Male,Mumbai,Regular,2024-09-14
C0427,21,Male,Hyderabad,Premium,2024-06-04
C0428,28,Male,Bangalore,Budget,2024-04-25
C0429,40,Female,Delhi,Regular,2024-04-10
C0430,58,Female,Mumbai,Budget,2024-06-04
C0431,57,Male,Hyderabad,Budget,2024-03-27
C0432,55,Male,Mumbai,Budget,2024-11-15
C0433,64,Female,Hyderabad,Premium,2024-01-15
C0434,23,Male,Chennai,Budget,2024-05-15
C0435,59,Male,Hyderabad,Regular,2024-11-12
C0436,58,Male,Pune,Budget,2024-10-06
C0437,36,Female,Pune,Premium,2024-12-16
C0438,43,Female,Pune,Premium,2024-12-18
C0439,21,Male,Pune,Regular,2024-09-04
C0440,47,Male,Bangalore,Budget,2024-03-14
C0441,38,Female,Chennai,Regular,2024-07-23
C0442,26,Female,Hyderabad,Budget,2024-02-24
C0443,38,Male,Pune,Premium,2024-05-16
C0444,46,Male,Mumbai,Premium,2024-01-26
C0445,36,Female,Hyderabad,Regular,2024-05-07
C0446,28,Female,Hyderabad,Budget,2024-06-09
C0447,30,Male,Pune,Budget,2024-08-27
C0448,49,Female,Pune,Premium,2024-02-16
C0449,43,Female,Mumbai,Premium,2024-10-25
C0450,40,Male,Delhi,Regular,2024-09-10
C0451,56,Female,Bangalore,Budget,2024-01-05
C0452,24,Female,Mumbai,Regular,2024-07-06
C0453,43,Female,Delhi,Regular,2024-01-27
C0454,54,Male,Bangalore,Budget,2024-05-27
C0455,22,Female,Hyderabad,Regular,2024-10-08
C0456,35,Male,Mumbai,Premium,2024-07-20
C0457,41,Female,Hyderabad,Regular,2024-03-14
C0458,30,Female,Hyderabad,Premium,2024-01-24
C0459,20,Male,Chennai,Regular,2024-08-30
C0460,51,Female,Mumbai,Budget,2024-09-20
C0461,26,Female,Hyderabad,Regular,2024-03-24
C0462,43,Female,Hyderabad,Regular,2024-09-16
C0463,50,Female,Chennai,Budget,2024-06-02
C0464,48,Male,Bangalore,Regular,2024-12-10
C0465,25,Female,Hyderabad,Regular,2024-12-18
C0466,58,Male,Hyderabad,Regular,2024-05-15
C0467,59,Male,Chennai,Premium,2024-10-25
C0468,48,Male,Hyderabad,Budget,2024-11-13
C0469,42,Male,Chennai,Premium,2024-01-17
C0470,54,Male,Mumbai,Premium,2024-08-13
C0471,38,Female,Mumbai,Regular,2024-12-19
C0472,31,Female,Hyderabad,Budget,2024-08-29
C0473,65,Male,Chennai,Premium,2024-09-22
C0474,31,Female,Chennai,Regular,2024-09-26
C0475,42,Female,Mumbai,Regular,2024-09-29
C0476,39,Female,Chennai,Budget,2024-12-14
C0477,59,Female,Hyderabad,Regular,2024-04-08
C0478,33,Female,Hyderabad,Regular,2024-04-25
C0479,37,Female,Chennai,Premium,2024-12-19
C0480,63,Female,Bangalore,Regular,2024-06-27
C0481,53,Female,Bangalore,Premium,2024-10-20
C0482,61,Female,Pune,Regular,2024-03-15
C0483,36,Male,Bangalore,Budget,2024-02-10
C0484,40,Female,Chennai,Regular,2024-09-02
C0485,31,Male,Hyderabad,Regular,2024-10-14
C0486,62,Female,Mumbai,Premium,2024-11-11
C0487,65,Male,Mumbai,Premium,2024-12-08
C0488,51,Male,Chennai,Premium,2024-01-27
C0489,24,Female,Bangalore,Budget,2024-08-29
C0490,24,Male,Delhi,Budget,2024-03-21
C0491,44,Female,Pune,Budget,2024-04-12
C0492,36,Female,Bangalore,Budget,2024-01-31
C0493,23,Male,Hyderabad,Budget,2024-01-20
C0494,29,Female,Mumbai,Premium,2024-07-22
C0495,49,Male,Chennai,Regular,2024-01-20
C0496,18,Female,Hyderabad,Budget,2024-02-24
C0497,39,Female,Pune,Budget,2024-10-05
C0498,51,Female,Mumbai,Budget,2024-08-27
C0499,35,Male,Delhi,Regular,2024-03-24
C0500,64,Female,Chennai,Regular,2024-04-05
